{"rmse": 8874.860061370213, "mae": 6860.335111687043, "r2": 0.4762151021520775}